,datetime,temperature_2m,precipitation,cloud_cover,wind_speed_10m,wind_direction_10m
0,2024-04-01 00:00:00+00:00,22.55,0.0,0.0,19.211996,192.99461
1,2024-04-01 01:00:00+00:00,20.5,0.0,0.0,13.138765,189.46225
2,2024-04-01 02:00:00+00:00,20.45,0.0,0.0,13.797913,195.12405
3,2024-04-01 03:00:00+00:00,20.0,0.0,0.0,13.004921,184.76355
4,2024-04-01 04:00:00+00:00,19.25,0.0,0.0,11.792404,167.66092
5,2024-04-01 05:00:00+00:00,19.2,0.0,0.0,11.966954,164.2913
6,2024-04-01 06:00:00+00:00,19.3,0.0,0.0,7.771331,193.39252
7,2024-04-01 07:00:00+00:00,20.35,0.0,0.0,7.928178,177.39749
8,2024-04-01 08:00:00+00:00,26.8,0.0,0.0,4.73506,171.25392
9,2024-04-01 09:00:00+00:00,28.7,0.0,0.0,2.0991426,300.96368
10,2024-04-01 10:00:00+00:00,25.05,0.0,0.0,9.422101,353.41815
11,2024-04-01 11:00:00+00:00,22.4,0.0,0.0,13.708391,13.671325
12,2024-04-01 12:00:00+00:00,23.0,0.0,0.0,17.373497,354.05322
13,2024-04-01 13:00:00+00:00,23.25,0.0,0.0,22.33161,339.22766
14,2024-04-01 14:00:00+00:00,22.0,0.0,0.0,17.377226,346.82742
15,2024-04-01 15:00:00+00:00,21.85,0.0,0.0,15.986593,54.16227
16,2024-04-01 16:00:00+00:00,22.0,0.0,0.0,16.09969,63.435013
17,2024-04-01 17:00:00+00:00,21.7,0.0,0.0,12.88981,35.909817
18,2024-04-01 18:00:00+00:00,22.65,0.0,0.0,15.782622,44.999897
19,2024-04-01 19:00:00+00:00,21.55,0.0,0.0,17.654686,73.41259
20,2024-04-01 20:00:00+00:00,20.75,0.0,0.0,13.684735,116.56499
21,2024-04-01 21:00:00+00:00,22.95,0.0,0.0,2.4149535,206.56499
22,2024-04-01 22:00:00+00:00,20.4,0.0,0.0,30.430117,349.08893
23,2024-04-01 23:00:00+00:00,18.3,0.0,0.0,30.955812,8.695422
24,2024-04-02 00:00:00+00:00,18.0,0.0,0.0,23.452555,17.87879
25,2024-04-02 01:00:00+00:00,17.85,0.0,0.0,25.045238,18.435053
26,2024-04-02 02:00:00+00:00,17.85,0.0,0.0,25.277023,17.402794
27,2024-04-02 03:00:00+00:00,17.85,0.0,0.0,19.64558,13.781618
28,2024-04-02 04:00:00+00:00,17.85,0.0,0.0,19.296133,14.036275
29,2024-04-02 05:00:00+00:00,17.8,0.0,0.0,15.815435,11.821464
30,2024-04-02 06:00:00+00:00,17.85,0.0,0.0,16.039202,9.039405
31,2024-04-02 07:00:00+00:00,17.85,0.0,0.0,18.35647,11.3098955
32,2024-04-02 08:00:00+00:00,17.9,0.0,0.0,17.208603,15.780828
33,2024-04-02 09:00:00+00:00,17.9,0.0,0.0,18.486622,6.70975
34,2024-04-02 10:00:00+00:00,17.9,0.0,0.0,20.883104,0.9877458
35,2024-04-02 11:00:00+00:00,17.85,0.0,0.0,20.929596,3.9451082
36,2024-04-02 12:00:00+00:00,17.9,0.0,0.0,19.35314,9.637469
37,2024-04-02 13:00:00+00:00,18.2,0.0,0.0,19.164719,5.389229
38,2024-04-02 14:00:00+00:00,18.2,0.0,0.0,18.709612,11.093693
39,2024-04-02 15:00:00+00:00,18.1,0.0,0.0,19.296133,14.036275
40,2024-04-02 16:00:00+00:00,18.0,0.0,0.0,20.948164,19.057802
41,2024-04-02 17:00:00+00:00,17.8,0.0,0.0,20.61766,24.775122
42,2024-04-02 18:00:00+00:00,17.5,0.0,21.0,20.808498,30.113651
43,2024-04-02 19:00:00+00:00,17.45,0.0,34.5,20.380579,35.655422
44,2024-04-02 20:00:00+00:00,17.35,0.0,30.300001,18.899143,40.364468
45,2024-04-02 21:00:00+00:00,17.3,0.0,12.3,16.80857,46.73567
46,2024-04-02 22:00:00+00:00,17.2,0.0,8.700001,15.192682,53.67309
47,2024-04-02 23:00:00+00:00,17.1,0.0,6.6,14.386494,58.29862
48,2024-04-03 00:00:00+00:00,17.0,0.0,18.9,13.891522,58.781662
49,2024-04-03 01:00:00+00:00,17.2,0.0,9.6,12.599998,53.13002
50,2024-04-03 02:00:00+00:00,17.1,0.0,12.0,13.755579,47.12111
51,2024-04-03 03:00:00+00:00,17.15,0.0,13.5,12.738099,42.709366
52,2024-04-03 04:00:00+00:00,17.05,0.0,5.3999996,12.031756,51.072456
53,2024-04-03 05:00:00+00:00,16.95,0.0,8.099999,12.72283,64.8852
54,2024-04-03 06:00:00+00:00,17.25,0.0,4.5,11.525623,75.52967
55,2024-04-03 07:00:00+00:00,17.55,0.0,1.8,7.928178,92.60251
56,2024-04-03 08:00:00+00:00,17.95,0.0,1.8,8.39657,59.03632
57,2024-04-03 09:00:00+00:00,18.1,0.0,1.8,13.276144,49.398785
58,2024-04-03 10:00:00+00:00,18.1,0.0,0.0,16.831684,48.468323
59,2024-04-03 11:00:00+00:00,18.25,0.0,0.0,18.864824,48.09414
60,2024-04-03 12:00:00+00:00,18.35,0.0,0.0,21.915691,47.66307
61,2024-04-03 13:00:00+00:00,18.25,0.0,0.0,21.915691,47.66307
62,2024-04-03 14:00:00+00:00,18.3,0.0,0.0,22.392464,53.49847
63,2024-04-03 15:00:00+00:00,18.25,0.0,9.0,23.86341,56.07016
64,2024-04-03 16:00:00+00:00,18.05,0.0,6.0,24.985659,53.79046
65,2024-04-03 17:00:00+00:00,17.85,0.0,2.1000001,25.7041,52.969524
66,2024-04-03 18:00:00+00:00,17.7,0.0,0.0,24.20314,59.620956
67,2024-04-03 19:00:00+00:00,17.65,0.0,23.400002,21.218632,75.25639
68,2024-04-03 20:00:00+00:00,17.6,0.0,8.700001,20.774214,81.02746
69,2024-04-03 21:00:00+00:00,17.45,0.0,29.400002,19.959719,82.7469
70,2024-04-03 22:00:00+00:00,17.35,0.0,18.900002,18.0036,88.85426
71,2024-04-03 23:00:00+00:00,17.2,0.0,25.2,15.4800005,90.0
72,2024-04-04 00:00:00+00:00,17.05,0.0,27.6,14.440443,94.28908
73,2024-04-04 01:00:00+00:00,17.1,0.0,27.300001,15.5843,96.63242
74,2024-04-04 02:00:00+00:00,16.9,0.0,33.0,15.893093,103.0919
75,2024-04-04 03:00:00+00:00,16.75,0.0,32.4,15.188415,95.44024
76,2024-04-04 04:00:00+00:00,16.7,0.0,77.4,13.441071,82.30404
77,2024-04-04 05:00:00+00:00,16.75,0.0,51.0,13.397612,83.829926
78,2024-04-04 06:00:00+00:00,17.1,0.0,28.5,12.783802,80.2725
79,2024-04-04 07:00:00+00:00,17.7,0.0,53.7,14.934577,74.623695
80,2024-04-04 08:00:00+00:00,17.85,0.0,68.100006,17.709658,63.435013
81,2024-04-04 09:00:00+00:00,18.0,0.0,43.800003,18.043148,61.389645
82,2024-04-04 10:00:00+00:00,18.2,0.0,84.0,18.532135,60.94549
83,2024-04-04 11:00:00+00:00,18.3,0.0,80.4,20.456745,61.631054
84,2024-04-04 12:00:00+00:00,18.3,0.0,40.5,20.774214,62.10283
85,2024-04-04 13:00:00+00:00,18.1,0.0,31.5,20.608229,62.98742
86,2024-04-04 14:00:00+00:00,18.15,0.0,33.600002,22.238562,60.94549
87,2024-04-04 15:00:00+00:00,17.75,0.0,30.600002,24.363249,55.840256
88,2024-04-04 16:00:00+00:00,17.8,0.0,27.6,24.696104,59.322803
89,2024-04-04 17:00:00+00:00,17.65,0.0,23.400002,23.510508,64.61213
90,2024-04-04 18:00:00+00:00,17.4,0.0,30.000002,22.180206,76.865974
91,2024-04-04 19:00:00+00:00,17.25,0.0,30.000002,22.065973,84.382515
92,2024-04-04 20:00:00+00:00,17.2,0.0,30.000002,22.033648,85.314186
93,2024-04-04 21:00:00+00:00,17.1,0.0,30.000002,20.598795,84.98698
94,2024-04-04 22:00:00+00:00,17.05,0.0,15.6,19.70815,80.53775
95,2024-04-04 23:00:00+00:00,16.9,0.0,0.0,17.771753,83.019035
96,2024-04-05 00:00:00+00:00,16.7,0.0,0.0,17.283749,91.19346
97,2024-04-05 01:00:00+00:00,16.7,0.0,14.4,17.294992,92.385895
98,2024-04-05 02:00:00+00:00,16.65,0.0,1.8,17.313717,93.57626
99,2024-04-05 03:00:00+00:00,16.45,0.0,0.0,15.517629,93.99084
100,2024-04-05 04:00:00+00:00,16.3,0.0,0.0,14.799459,94.18484
101,2024-04-05 05:00:00+00:00,16.25,0.0,0.0,14.471821,95.7105
102,2024-04-05 06:00:00+00:00,16.6,0.0,0.0,15.124284,91.3639
103,2024-04-05 07:00:00+00:00,17.45,0.0,0.9,18.584509,81.08515
104,2024-04-05 08:00:00+00:00,17.75,0.0,5.3999996,20.969805,78.11137
105,2024-04-05 09:00:00+00:00,17.95,0.0,8.099999,23.000591,72.69939
106,2024-04-05 10:00:00+00:00,17.85,0.0,2.6999998,25.809765,67.01126
107,2024-04-05 11:00:00+00:00,17.95,0.0,0.0,25.14852,66.37061
108,2024-04-05 12:00:00+00:00,18.35,0.0,0.0,25.284714,61.975594
109,2024-04-05 13:00:00+00:00,18.2,0.0,0.0,25.944988,60.94549
110,2024-04-05 14:00:00+00:00,18.3,0.0,0.0,25.944988,60.94549
111,2024-04-05 15:00:00+00:00,18.15,0.0,0.0,25.603062,62.354122
112,2024-04-05 16:00:00+00:00,18.0,0.0,0.0,25.872454,68.7907
113,2024-04-05 17:00:00+00:00,17.55,0.0,0.0,25.862436,73.835434
114,2024-04-05 18:00:00+00:00,17.25,0.0,0.0,26.27753,80.53775
115,2024-04-05 19:00:00+00:00,17.3,0.0,0.0,25.60053,86.77554
116,2024-04-05 20:00:00+00:00,17.3,0.0,0.0,22.682856,90.90936
117,2024-04-05 21:00:00+00:00,17.15,0.0,0.0,20.211363,94.08554
118,2024-04-05 22:00:00+00:00,16.95,0.0,0.0,16.808569,99.865746
119,2024-04-05 23:00:00+00:00,16.75,0.0,0.0,14.84318,104.03627
120,2024-04-06 00:00:00+00:00,16.65,0.0,0.0,13.1041975,110.924576
121,2024-04-06 01:00:00+00:00,16.5,0.0,0.0,13.1041975,110.924576
122,2024-04-06 02:00:00+00:00,16.4,0.0,0.0,13.5515,106.99091
123,2024-04-06 03:00:00+00:00,16.25,0.0,0.0,15.328561,99.46225
124,2024-04-06 04:00:00+00:00,16.2,0.0,0.0,16.394829,98.841736
125,2024-04-06 05:00:00+00:00,16.1,0.0,0.3,17.026896,103.44863
126,2024-04-06 06:00:00+00:00,16.4,0.0,2.7,16.862455,106.11349
127,2024-04-06 07:00:00+00:00,17.7,0.0,8.1,16.766108,104.93147
128,2024-04-06 08:00:00+00:00,19.5,0.0,6.6000004,16.418526,105.25517
129,2024-04-06 09:00:00+00:00,20.5,0.0,0.0,16.93531,92.4366
130,2024-04-06 10:00:00+00:00,20.95,0.0,0.0,20.966715,74.054535
131,2024-04-06 11:00:00+00:00,20.35,0.0,0.0,29.215502,67.543015
132,2024-04-06 12:00:00+00:00,20.9,0.0,0.0,26.420174,70.0835
133,2024-04-06 13:00:00+00:00,20.5,0.0,0.0,28.174458,63.435013
134,2024-04-06 14:00:00+00:00,19.75,0.0,0.0,30.684587,67.94889
135,2024-04-06 15:00:00+00:00,19.75,0.0,0.0,28.036118,77.391396
136,2024-04-06 16:00:00+00:00,19.35,0.0,0.0,26.903828,77.63753
137,2024-04-06 17:00:00+00:00,18.75,0.0,0.0,27.534704,78.6901
138,2024-04-06 18:00:00+00:00,18.45,0.0,0.0,28.30983,82.694336
139,2024-04-06 19:00:00+00:00,18.35,0.0,0.0,28.08923,88.531235
140,2024-04-06 20:00:00+00:00,18.3,0.0,0.0,26.67889,93.093994
141,2024-04-06 21:00:00+00:00,18.2,0.0,0.0,23.675303,98.74608
142,2024-04-06 22:00:00+00:00,18.05,0.0,0.0,20.431387,104.28113
143,2024-04-06 23:00:00+00:00,17.65,0.0,0.0,16.78156,112.714455
144,2024-04-07 00:00:00+00:00,17.4,0.0,0.0,14.512064,113.38525
145,2024-04-07 01:00:00+00:00,17.45,0.0,0.0,13.661038,108.43504
146,2024-04-07 02:00:00+00:00,17.1,0.0,0.0,13.450708,105.52418
147,2024-04-07 03:00:00+00:00,16.7,0.0,0.0,13.138765,99.46225
148,2024-04-07 04:00:00+00:00,16.35,0.0,0.0,13.202726,101.003494
149,2024-04-07 05:00:00+00:00,16.05,0.0,0.0,11.770403,113.42871
150,2024-04-07 06:00:00+00:00,16.2,0.0,0.0,9.726664,128.991
151,2024-04-07 07:00:00+00:00,17.5,0.0,0.0,6.439876,116.56499
152,2024-04-07 08:00:00+00:00,18.45,0.0,0.0,4.896529,72.89719
153,2024-04-07 09:00:00+00:00,19.25,0.0,0.0,11.753876,40.030197
154,2024-04-07 10:00:00+00:00,19.1,0.0,0.0,17.581125,42.510403
155,2024-04-07 11:00:00+00:00,19.25,0.0,0.0,20.746122,51.34017
156,2024-04-07 12:00:00+00:00,19.55,0.0,0.0,18.671474,56.003494
157,2024-04-07 13:00:00+00:00,19.6,0.0,0.0,18.374111,55.375774
158,2024-04-07 14:00:00+00:00,19.7,0.0,0.0,16.79314,59.03632
159,2024-04-07 15:00:00+00:00,19.55,0.0,0.0,17.727943,60.832493
160,2024-04-07 16:00:00+00:00,19.15,0.0,0.0,18.1041,72.64589
161,2024-04-07 17:00:00+00:00,18.75,0.0,0.0,16.520823,78.6901
162,2024-04-07 18:00:00+00:00,18.2,0.0,0.0,15.629972,82.056625
163,2024-04-07 19:00:00+00:00,17.8,0.0,0.0,16.62249,85.03035
164,2024-04-07 20:00:00+00:00,17.5,0.0,0.0,17.294992,92.385895
165,2024-04-07 21:00:00+00:00,17.4,0.0,0.0,16.343367,97.59455
166,2024-04-07 22:00:00+00:00,17.7,0.0,0.0,13.896187,106.55715
167,2024-04-07 23:00:00+00:00,17.3,0.0,0.0,11.113451,114.90474
168,2024-04-08 00:00:00+00:00,17.05,0.0,0.0,10.041354,104.5345
169,2024-04-08 01:00:00+00:00,17.05,0.0,0.0,12.074766,100.30479
170,2024-04-08 02:00:00+00:00,16.85,0.0,0.0,9.085988,123.6901
171,2024-04-08 03:00:00+00:00,16.55,0.0,0.0,8.473393,102.26476
172,2024-04-08 04:00:00+00:00,16.35,0.0,0.0,8.905908,104.03627
173,2024-04-08 05:00:00+00:00,15.8,0.0,0.0,10.041354,104.5345
174,2024-04-08 06:00:00+00:00,16.55,0.0,0.0,9.565437,109.798965
175,2024-04-08 07:00:00+00:00,18.1,0.0,0.0,10.182337,98.13002
176,2024-04-08 08:00:00+00:00,19.05,0.0,0.0,13.276144,77.4712
177,2024-04-08 09:00:00+00:00,19.45,0.0,0.0,17.114204,67.75093
178,2024-04-08 10:00:00+00:00,19.8,0.0,0.0,21.746502,70.66511
179,2024-04-08 11:00:00+00:00,20.35,0.0,0.0,22.884789,70.70986
180,2024-04-08 12:00:00+00:00,20.3,0.0,0.0,24.967499,65.28258
181,2024-04-08 13:00:00+00:00,19.95,0.0,0.0,26.208395,69.075424
182,2024-04-08 14:00:00+00:00,19.9,0.0,0.0,25.671307,75.37909
183,2024-04-08 15:00:00+00:00,19.8,0.0,7.8,24.717085,77.38069
184,2024-04-08 16:00:00+00:00,19.55,0.0,29.7,24.569832,79.019394
185,2024-04-08 17:00:00+00:00,18.85,0.0,9.6,27.238941,82.40546
186,2024-04-08 18:00:00+00:00,18.5,0.0,9.0,28.137634,86.33228
187,2024-04-08 19:00:00+00:00,18.5,0.0,29.7,27.72,90.0
188,2024-04-08 20:00:00+00:00,18.5,0.0,29.400002,26.042212,95.55288
189,2024-04-08 21:00:00+00:00,18.6,0.0,22.5,23.73271,99.60514
190,2024-04-08 22:00:00+00:00,18.5,0.0,19.800001,19.93048,106.798454
191,2024-04-08 23:00:00+00:00,18.45,0.0,0.0,18.11841,110.95586
192,2024-04-09 00:00:00+00:00,18.35,0.0,0.0,19.130875,109.798965
193,2024-04-09 01:00:00+00:00,18.35,0.0,0.0,17.873556,117.597206
194,2024-04-09 02:00:00+00:00,18.15,0.0,24.900002,16.981165,122.00535
195,2024-04-09 03:00:00+00:00,18.1,0.0,29.400002,17.595861,120.76265
196,2024-04-09 04:00:00+00:00,17.9,0.0,30.000002,16.434305,118.8107
197,2024-04-09 05:00:00+00:00,17.75,0.0,28.2,15.496736,120.73541
198,2024-04-09 06:00:00+00:00,18.3,0.0,30.000002,15.807239,120.0685
199,2024-04-09 07:00:00+00:00,19.65,0.0,30.000002,15.575981,123.6901
200,2024-04-09 08:00:00+00:00,20.35,0.0,30.000002,10.990322,121.60746
201,2024-04-09 09:00:00+00:00,20.75,0.0,30.000002,11.720751,79.380394
202,2024-04-09 10:00:00+00:00,20.7,0.0,30.000002,17.782686,58.240574
203,2024-04-09 11:00:00+00:00,20.85,0.0,30.000002,21.9718,55.0079
204,2024-04-09 12:00:00+00:00,21.05,0.0,30.000002,22.9724,57.804302
205,2024-04-09 13:00:00+00:00,21.15,0.0,30.000002,24.472057,63.81196
206,2024-04-09 14:00:00+00:00,20.95,0.0,30.000002,24.014996,66.12472
207,2024-04-09 15:00:00+00:00,20.6,0.0,30.000002,24.40046,68.35551
208,2024-04-09 16:00:00+00:00,20.25,0.0,30.000002,27.103,73.009094
209,2024-04-09 17:00:00+00:00,19.9,0.0,30.000002,27.466372,79.42653
210,2024-04-09 18:00:00+00:00,19.8,0.0,30.000002,26.758923,84.596306
211,2024-04-09 19:00:00+00:00,19.6,0.0,30.000002,23.40277,89.11862
212,2024-04-09 20:00:00+00:00,19.4,0.0,6.6000004,21.602999,89.04518
213,2024-04-09 21:00:00+00:00,19.2,0.0,0.3,20.16,90.0
214,2024-04-09 22:00:00+00:00,19.6,0.0,1.5,18.175545,97.96952
215,2024-04-09 23:00:00+00:00,19.3,0.0,0.0,17.731598,95.82625
216,2024-04-10 00:00:00+00:00,18.75,0.0,0.0,16.93531,87.56341
217,2024-04-10 01:00:00+00:00,18.5,0.0,0.0,18.486622,83.29026
218,2024-04-10 02:00:00+00:00,18.2,0.0,0.0,17.811815,75.96373
219,2024-04-10 03:00:00+00:00,17.95,0.0,0.0,18.681883,64.91644
220,2024-04-10 04:00:00+00:00,17.9,0.0,0.0,22.065973,56.3099
221,2024-04-10 05:00:00+00:00,17.95,0.0,0.0,22.45315,48.900593
222,2024-04-10 06:00:00+00:00,18.3,0.0,12.299999,28.775238,43.479294
223,2024-04-10 07:00:00+00:00,18.25,0.0,22.199999,31.682043,36.218925
224,2024-04-10 08:00:00+00:00,18.45,0.0,53.1,31.557032,34.777905
225,2024-04-10 09:00:00+00:00,18.4,0.0,29.4,31.087412,28.345602
226,2024-04-10 10:00:00+00:00,18.0,0.0,28.199999,31.205997,16.76264
227,2024-04-10 11:00:00+00:00,18.2,0.0,31.499998,27.943514,14.931467
228,2024-04-10 12:00:00+00:00,18.2,0.0,48.3,26.6327,13.284886
229,2024-04-10 13:00:00+00:00,17.95,0.0,30.9,28.883131,10.049289
230,2024-04-10 14:00:00+00:00,17.75,0.0,84.00001,26.983194,13.109214
231,2024-04-10 15:00:00+00:00,17.5,0.1,86.4,26.33911,10.234742
232,2024-04-10 16:00:00+00:00,17.5,0.0,70.5,27.595825,15.124064
233,2024-04-10 17:00:00+00:00,17.55,0.0,93.9,23.795427,17.61267
234,2024-04-10 18:00:00+00:00,17.45,0.0,82.8,25.501621,18.946608
235,2024-04-10 19:00:00+00:00,17.3,0.0,72.899994,22.427162,18.725883
236,2024-04-10 20:00:00+00:00,17.15,0.0,65.100006,21.42227,24.842371
237,2024-04-10 21:00:00+00:00,17.05,0.0,37.2,17.727943,23.962492
238,2024-04-10 22:00:00+00:00,16.95,0.0,53.4,18.532133,24.075504
239,2024-04-10 23:00:00+00:00,16.95,0.0,78.3,19.93048,16.798458
240,2024-04-11 00:00:00+00:00,16.9,0.0,27.900002,23.587555,15.945463
241,2024-04-11 01:00:00+00:00,17.3,0.0,42.0,21.749481,24.443953
242,2024-04-11 02:00:00+00:00,17.05,0.0,39.9,22.55106,16.699326
243,2024-04-11 03:00:00+00:00,17.05,0.0,44.100002,26.544964,20.647078
244,2024-04-11 04:00:00+00:00,16.85,0.2,44.7,27.047956,26.906017
245,2024-04-11 05:00:00+00:00,16.8,0.1,36.0,25.872456,31.920837
246,2024-04-11 06:00:00+00:00,16.8,0.0,37.800003,27.07669,35.803432
247,2024-04-11 07:00:00+00:00,16.85,0.3,21.0,24.408424,37.208004
248,2024-04-11 08:00:00+00:00,17.1,0.0,5.7,25.376808,31.660704
249,2024-04-11 09:00:00+00:00,17.35,0.0,16.800001,25.364037,34.592358
250,2024-04-11 10:00:00+00:00,17.4,0.0,12.6,25.264202,32.784283
251,2024-04-11 11:00:00+00:00,17.3,0.0,49.800003,21.794127,30.801384
252,2024-04-11 12:00:00+00:00,16.65,1.2,76.200005,22.881958,24.145542
253,2024-04-11 13:00:00+00:00,17.2,0.0,47.4,28.04305,41.877792
254,2024-04-11 14:00:00+00:00,16.9,0.0,57.0,31.39233,36.607166
255,2024-04-11 15:00:00+00:00,16.75,0.0,44.7,30.928587,39.805527
256,2024-04-11 16:00:00+00:00,16.45,0.3,60.000004,25.77962,35.909817
257,2024-04-11 17:00:00+00:00,16.25,0.4,67.200005,32.17522,49.53785
258,2024-04-11 18:00:00+00:00,16.25,0.3,52.2,25.772078,41.035248
259,2024-04-11 19:00:00+00:00,16.25,0.4,37.5,30.30208,43.555943
260,2024-04-11 20:00:00+00:00,16.3,0.0,48.6,30.811037,43.579807
261,2024-04-11 21:00:00+00:00,16.3,0.0,39.6,34.882866,46.254383
262,2024-04-11 22:00:00+00:00,16.4,0.0,98.100006,33.971867,49.72807
263,2024-04-11 23:00:00+00:00,16.75,0.0,100.0,34.247337,50.117374
264,2024-04-12 00:00:00+00:00,17.05,0.1,100.0,34.778683,53.84173
265,2024-04-12 01:00:00+00:00,17.55,0.2,100.0,28.357857,69.954666
266,2024-04-12 02:00:00+00:00,17.55,0.1,100.0,23.936617,77.84508
267,2024-04-12 03:00:00+00:00,17.45,0.0,100.0,22.314192,79.77789
268,2024-04-12 04:00:00+00:00,17.55,0.0,78.9,21.288757,86.12155
269,2024-04-12 05:00:00+00:00,17.45,0.0,100.0,21.602999,90.95482
270,2024-04-12 06:00:00+00:00,17.55,0.0,98.1,23.084955,93.57626
271,2024-04-12 07:00:00+00:00,17.8,0.0,45.600002,25.006397,96.613365
272,2024-04-12 08:00:00+00:00,17.6,0.4,67.50001,30.619051,87.97868
273,2024-04-12 09:00:00+00:00,18.1,0.0,75.0,35.143818,83.53027
274,2024-04-12 10:00:00+00:00,18.6,0.0,68.7,36.432995,78.023895
275,2024-04-12 11:00:00+00:00,18.55,0.0,57.9,37.84283,78.47631
276,2024-04-12 12:00:00+00:00,18.6,0.0,48.9,40.031284,78.58905
277,2024-04-12 13:00:00+00:00,18.35,0.0,42.0,39.640884,76.34235
278,2024-04-12 14:00:00+00:00,18.45,0.0,39.600002,43.986343,79.14995
279,2024-04-12 15:00:00+00:00,18.35,0.0,43.5,43.79589,80.53775
280,2024-04-12 16:00:00+00:00,18.15,0.0,66.3,39.35872,81.0547
281,2024-04-12 17:00:00+00:00,18.15,0.0,30.600002,37.45557,88.34773
282,2024-04-12 18:00:00+00:00,18.1,0.0,29.100002,39.626175,92.08252
283,2024-04-12 19:00:00+00:00,18.15,0.0,54.9,37.114933,98.3658
284,2024-04-12 20:00:00+00:00,18.15,0.0,48.6,35.369884,94.08554
285,2024-04-12 21:00:00+00:00,18.2,0.0,34.2,38.90666,87.87895
286,2024-04-12 22:00:00+00:00,18.15,0.0,36.300003,37.806854,88.90881
287,2024-04-12 23:00:00+00:00,18.05,0.0,39.0,39.98594,87.936226
288,2024-04-13 00:00:00+00:00,18.05,0.0,44.4,42.121536,89.51032
289,2024-04-13 01:00:00+00:00,18.5,0.0,75.9,41.849903,81.59118
290,2024-04-13 02:00:00+00:00,18.55,0.0,59.1,42.664177,84.674355
291,2024-04-13 03:00:00+00:00,18.5,0.0,52.800003,41.41408,88.5057
292,2024-04-13 04:00:00+00:00,18.4,0.0,47.4,41.041576,89.49743
293,2024-04-13 05:00:00+00:00,18.15,0.3,45.0,40.32,90.0
294,2024-04-13 06:00:00+00:00,18.4,0.0,42.6,42.864193,88.07486
295,2024-04-13 07:00:00+00:00,19.0,0.0,38.4,43.56595,89.05307
296,2024-04-13 08:00:00+00:00,19.2,0.0,51.9,44.757423,85.8488
297,2024-04-13 09:00:00+00:00,19.3,0.0,42.600002,50.086594,87.52839
298,2024-04-13 10:00:00+00:00,19.5,0.0,66.3,51.16561,87.58054
299,2024-04-13 11:00:00+00:00,19.6,0.0,42.0,51.085762,83.526146
300,2024-04-13 12:00:00+00:00,19.6,0.0,62.4,49.184486,81.15827
301,2024-04-13 13:00:00+00:00,19.5,0.0,67.8,50.425705,80.13426
302,2024-04-13 14:00:00+00:00,19.6,0.0,64.200005,52.683144,86.08183
303,2024-04-13 15:00:00+00:00,19.55,0.0,0.0,47.56906,87.3975
304,2024-04-13 16:00:00+00:00,19.7,0.0,0.0,44.28,90.0
305,2024-04-13 17:00:00+00:00,19.35,0.0,0.0,42.577515,93.87845
306,2024-04-13 18:00:00+00:00,19.15,0.0,0.0,38.479603,100.78425
307,2024-04-13 19:00:00+00:00,19.25,0.0,1.5,34.925568,98.297066
308,2024-04-13 20:00:00+00:00,19.3,0.0,0.0,32.283787,97.04568
309,2024-04-13 21:00:00+00:00,19.25,0.0,0.0,32.169178,95.13629
310,2024-04-13 22:00:00+00:00,19.25,0.0,0.0,32.023815,98.40329
311,2024-04-13 23:00:00+00:00,19.25,0.0,20.1,33.91269,99.16227
312,2024-04-14 00:00:00+00:00,19.35,0.0,44.7,29.44307,101.99688
313,2024-04-14 01:00:00+00:00,20.25,0.0,39.0,27.890127,113.58704
314,2024-04-14 02:00:00+00:00,20.15,0.0,41.7,23.452555,107.87879
315,2024-04-14 03:00:00+00:00,20.8,0.0,42.600002,40.036144,127.694305
316,2024-04-14 04:00:00+00:00,20.15,0.0,42.600002,33.481937,126.25393
317,2024-04-14 05:00:00+00:00,19.05,0.3,48.300003,15.546833,95.31445
318,2024-04-14 06:00:00+00:00,18.9,0.0,45.300003,11.726277,72.12121
319,2024-04-14 07:00:00+00:00,19.5,0.1,48.300003,24.766848,57.46495
320,2024-04-14 08:00:00+00:00,20.35,0.0,42.9,27.887802,78.83517
321,2024-04-14 09:00:00+00:00,20.15,0.4,61.2,41.213318,72.19804
322,2024-04-14 10:00:00+00:00,20.6,0.2,51.000004,40.65291,67.06787
323,2024-04-14 11:00:00+00:00,22.35,0.0,62.100002,42.305744,84.6291
324,2024-04-14 12:00:00+00:00,21.8,0.0,59.100006,43.92,90.0
325,2024-04-14 13:00:00+00:00,20.7,0.1,23.1,49.426308,79.50858
326,2024-04-14 14:00:00+00:00,21.9,0.0,54.600002,45.361427,90.45471
327,2024-04-14 15:00:00+00:00,22.05,0.0,27.900002,47.247856,93.494576
328,2024-04-14 16:00:00+00:00,20.9,0.0,5.1000004,44.039345,85.78099
329,2024-04-14 17:00:00+00:00,20.4,0.0,1.2,42.853607,91.44409
330,2024-04-14 18:00:00+00:00,20.9,0.0,1.2,37.97104,95.44024
331,2024-04-14 19:00:00+00:00,20.95,0.0,0.0,35.27449,104.1781
332,2024-04-14 20:00:00+00:00,21.5,0.0,0.0,36.345737,106.10137
333,2024-04-14 21:00:00+00:00,21.15,0.0,0.0,31.863558,122.07397
334,2024-04-14 22:00:00+00:00,21.45,0.0,0.0,31.950888,123.51105
335,2024-04-14 23:00:00+00:00,21.35,0.0,0.0,33.549606,123.17852
336,2024-04-15 00:00:00+00:00,21.0,0.0,0.0,33.851486,122.845055
337,2024-04-15 01:00:00+00:00,21.8,0.0,44.700005,30.77105,118.663864
338,2024-04-15 02:00:00+00:00,21.55,0.0,13.5,28.503725,117.85956
339,2024-04-15 03:00:00+00:00,20.85,0.0,21.6,25.809765,112.98875
340,2024-04-15 04:00:00+00:00,20.55,0.0,50.700005,23.83624,115.01687
341,2024-04-15 05:00:00+00:00,20.05,0.0,41.4,25.241108,93.270424
342,2024-04-15 06:00:00+00:00,20.1,0.0,29.400002,24.187069,94.267815
343,2024-04-15 07:00:00+00:00,21.05,0.0,42.6,20.5484,86.98728
344,2024-04-15 08:00:00+00:00,22.1,0.0,30.000002,19.296133,75.96373
345,2024-04-15 09:00:00+00:00,25.5,0.0,0.0,26.87491,129.0194
346,2024-04-15 10:00:00+00:00,26.35,0.0,0.0,26.596178,129.50764
347,2024-04-15 11:00:00+00:00,26.6,0.0,1.8000001,25.35637,128.65984
348,2024-04-15 12:00:00+00:00,29.75,0.0,8.400001,36.656414,135.0001
349,2024-04-15 13:00:00+00:00,24.25,0.0,23.400002,18.175545,172.03047
350,2024-04-15 14:00:00+00:00,24.85,0.0,6.6000004,25.20257,90.818436
351,2024-04-15 15:00:00+00:00,21.25,0.0,31.800001,24.149532,79.69521
352,2024-04-15 16:00:00+00:00,21.3,0.0,41.4,19.813087,65.29759
353,2024-04-15 17:00:00+00:00,21.55,0.0,31.200003,12.245294,178.31535
354,2024-04-15 18:00:00+00:00,21.3,0.0,26.100002,13.324863,218.41809
355,2024-04-15 19:00:00+00:00,19.9,0.0,1.5,9.0,253.73972
356,2024-04-15 20:00:00+00:00,19.3,0.0,27.3,10.44,223.60289
357,2024-04-15 21:00:00+00:00,18.9,0.0,42.9,13.450708,254.47583
358,2024-04-15 22:00:00+00:00,18.3,0.1,42.600002,5.0142193,158.96242
359,2024-04-15 23:00:00+00:00,18.7,0.0,30.000002,16.454008,259.91946
360,2024-04-16 00:00:00+00:00,19.05,0.0,30.000002,18.94024,261.2539
361,2024-04-16 01:00:00+00:00,18.2,0.0,36.0,7.9036193,239.9315
362,2024-04-16 02:00:00+00:00,18.2,0.0,40.800003,6.792466,212.00534
363,2024-04-16 03:00:00+00:00,18.65,0.0,13.800001,2.968636,165.96373
364,2024-04-16 04:00:00+00:00,18.0,0.0,30.000002,4.1046314,164.74483
365,2024-04-16 05:00:00+00:00,18.0,0.0,6.6000004,8.714677,231.7098
366,2024-04-16 06:00:00+00:00,18.25,0.0,6.3,11.043261,250.9743
367,2024-04-16 07:00:00+00:00,18.55,0.0,0.0,13.797912,262.50424
368,2024-04-16 08:00:00+00:00,18.3,0.2,72.3,9.0,233.13002
369,2024-04-16 09:00:00+00:00,18.2,0.1,35.4,24.64094,281.8024
370,2024-04-16 10:00:00+00:00,17.85,0.0,39.600002,28.766228,278.63705
371,2024-04-16 11:00:00+00:00,18.45,0.0,30.000002,26.079508,276.3401
372,2024-04-16 12:00:00+00:00,18.8,0.0,30.000002,22.086521,289.0257
373,2024-04-16 13:00:00+00:00,17.9,0.0,33.0,1.8,306.86996
374,2024-04-16 14:00:00+00:00,17.8,0.0,29.400002,12.72283,295.1148
375,2024-04-16 15:00:00+00:00,17.65,0.0,29.7,14.007655,295.90643
376,2024-04-16 16:00:00+00:00,17.75,0.0,36.600002,17.057314,262.7251
377,2024-04-16 17:00:00+00:00,17.8,0.0,29.7,18.204042,245.46228
378,2024-04-16 18:00:00+00:00,18.05,0.0,15.300001,19.694992,251.89613
379,2024-04-16 19:00:00+00:00,18.45,0.0,2.1,22.805367,258.15796
380,2024-04-16 20:00:00+00:00,18.35,0.0,12.9,27.343414,279.0902
381,2024-04-16 21:00:00+00:00,17.6,0.0,37.800003,31.311722,287.3934
382,2024-04-16 22:00:00+00:00,17.55,0.0,18.0,31.404713,298.03375
383,2024-04-16 23:00:00+00:00,17.45,0.0,18.899998,28.8,306.86996
384,2024-04-17 00:00:00+00:00,17.5,0.0,16.199999,27.238943,315.53537
385,2024-04-17 01:00:00+00:00,17.65,0.0,5.1,28.515089,316.02295
386,2024-04-17 02:00:00+00:00,17.6,0.0,3.6000001,26.230639,313.3317
387,2024-04-17 03:00:00+00:00,17.55,0.0,0.0,25.984919,312.75424
388,2024-04-17 04:00:00+00:00,17.45,0.0,0.0,21.986542,309.6854
389,2024-04-17 05:00:00+00:00,17.3,0.0,0.0,19.201874,300.411
390,2024-04-17 06:00:00+00:00,17.45,0.0,0.0,18.837322,296.0753
391,2024-04-17 07:00:00+00:00,17.5,0.0,0.0,18.359999,298.0724
392,2024-04-17 08:00:00+00:00,17.6,0.0,0.0,16.09969,296.56497
393,2024-04-17 09:00:00+00:00,17.7,0.0,0.0,14.587776,285.75125
394,2024-04-17 10:00:00+00:00,17.75,0.0,0.0,13.039754,276.3401
395,2024-04-17 11:00:00+00:00,17.9,0.0,0.0,15.893093,283.0919
396,2024-04-17 12:00:00+00:00,17.8,0.0,0.0,13.684735,296.56497
397,2024-04-17 13:00:00+00:00,18.15,0.0,0.0,11.988594,318.6523
398,2024-04-17 14:00:00+00:00,18.15,0.0,0.9,11.013882,348.6901
399,2024-04-17 15:00:00+00:00,18.15,0.0,1.2,13.797913,15.124064
400,2024-04-17 16:00:00+00:00,18.05,0.0,0.6,15.484185,35.537766
401,2024-04-17 17:00:00+00:00,17.8,0.0,0.0,13.32,71.075264
402,2024-04-17 18:00:00+00:00,17.7,0.0,0.0,12.849528,78.6901
403,2024-04-17 19:00:00+00:00,17.4,0.0,0.6,11.525623,104.47034
404,2024-04-17 20:00:00+00:00,17.35,0.0,0.0,11.298495,120.65059
405,2024-04-17 21:00:00+00:00,16.95,0.0,0.0,11.753876,130.0302
406,2024-04-17 22:00:00+00:00,16.65,0.0,0.0,10.636766,113.962494
407,2024-04-17 23:00:00+00:00,16.6,0.0,0.0,11.841756,109.53674
408,2024-04-18 00:00:00+00:00,16.65,0.0,0.6,11.726277,107.87879
409,2024-04-18 01:00:00+00:00,17.05,0.0,0.0,13.039754,83.659904
410,2024-04-18 02:00:00+00:00,17.0,0.0,0.0,14.154915,82.694336
411,2024-04-18 03:00:00+00:00,16.85,0.0,0.0,14.830076,84.4279
412,2024-04-18 04:00:00+00:00,16.75,0.0,0.90000004,15.546833,84.68555
413,2024-04-18 05:00:00+00:00,16.75,0.0,0.0,16.24394,77.19574
414,2024-04-18 06:00:00+00:00,17.25,0.0,0.0,18.25026,75.14134
415,2024-04-18 07:00:00+00:00,17.8,0.0,0.0,20.393293,69.3255
416,2024-04-18 08:00:00+00:00,17.85,0.0,10.200001,22.881958,65.85446
417,2024-04-18 09:00:00+00:00,18.0,0.0,13.500001,24.967497,61.587433
418,2024-04-18 10:00:00+00:00,18.2,0.0,0.3,24.57511,58.1726
419,2024-04-18 11:00:00+00:00,18.25,0.0,0.0,25.20257,45.57866
420,2024-04-18 12:00:00+00:00,18.2,0.0,0.0,29.363731,40.525032
421,2024-04-18 13:00:00+00:00,18.2,0.0,0.0,28.006056,46.041542
422,2024-04-18 14:00:00+00:00,18.15,0.0,0.0,28.04305,48.122223
423,2024-04-18 15:00:00+00:00,17.95,0.0,0.0,28.1169,50.194473
424,2024-04-18 16:00:00+00:00,17.9,0.0,0.0,25.7041,52.969524
425,2024-04-18 17:00:00+00:00,17.8,0.0,5.1000004,25.7041,52.969524
426,2024-04-18 18:00:00+00:00,17.6,0.0,5.4,21.67487,57.89378
427,2024-04-18 19:00:00+00:00,17.55,0.0,0.0,21.370783,57.380775
428,2024-04-18 20:00:00+00:00,17.5,0.0,0.0,22.065973,56.3099
429,2024-04-18 21:00:00+00:00,17.4,0.0,55.2,22.077717,65.94266
430,2024-04-18 22:00:00+00:00,17.45,0.0,44.4,21.407139,70.346085
431,2024-04-18 23:00:00+00:00,17.4,0.0,67.5,22.027763,78.6901
432,2024-04-19 00:00:00+00:00,17.25,0.0,79.8,21.38897,83.233925
433,2024-04-19 01:00:00+00:00,17.15,0.0,66.0,16.954432,86.347855
434,2024-04-19 02:00:00+00:00,17.15,0.0,36.600002,15.226764,96.78888
435,2024-04-19 03:00:00+00:00,17.1,0.0,12.6,13.722565,85.4861
436,2024-04-19 04:00:00+00:00,16.95,0.0,11.400001,14.081478,94.39862
437,2024-04-19 05:00:00+00:00,16.7,0.0,6.3,11.183201,93.691315
438,2024-04-19 06:00:00+00:00,17.25,0.0,31.2,10.685391,57.380775
439,2024-04-19 07:00:00+00:00,17.6,0.0,28.2,16.854767,19.983198
440,2024-04-19 08:00:00+00:00,17.6,0.0,48.0,23.34455,17.037857
441,2024-04-19 09:00:00+00:00,17.45,0.4,56.999996,29.478264,8.426887
442,2024-04-19 10:00:00+00:00,17.2,1.0,36.6,34.589985,2.385899
443,2024-04-19 11:00:00+00:00,16.95,0.1,25.199999,34.98674,356.4605
444,2024-04-19 12:00:00+00:00,16.7,0.0,27.300001,26.27753,350.53775
445,2024-04-19 13:00:00+00:00,16.65,0.0,2.7,25.516865,343.61038
446,2024-04-19 14:00:00+00:00,16.6,0.0,13.5,28.802248,341.7914
447,2024-04-19 15:00:00+00:00,16.6,0.0,8.1,29.035288,342.68826
448,2024-04-19 16:00:00+00:00,16.6,0.0,4.5,26.999998,343.73972
449,2024-04-19 17:00:00+00:00,16.85,0.0,7.2000003,22.657131,342.42865
450,2024-04-19 18:00:00+00:00,17.2,0.0,1.8000001,23.491207,344.89883
451,2024-04-19 19:00:00+00:00,17.15,0.0,1.2,24.648829,353.29025
452,2024-04-19 20:00:00+00:00,16.75,0.0,5.3999996,24.50381,357.47394
453,2024-04-19 21:00:00+00:00,16.45,0.0,7.2,23.444265,3.5213907
454,2024-04-19 22:00:00+00:00,16.25,0.0,22.5,21.03152,6.8816385
455,2024-04-19 23:00:00+00:00,16.3,0.0,24.3,19.164719,5.389229
456,2024-04-20 00:00:00+00:00,16.3,0.0,26.099998,17.373497,5.946777
457,2024-04-20 01:00:00+00:00,16.3,0.0,26.099998,13.441071,7.695961
458,2024-04-20 02:00:00+00:00,16.1,0.0,18.0,10.948973,9.462261
459,2024-04-20 03:00:00+00:00,15.95,0.0,26.4,10.661107,11.689341
460,2024-04-20 04:00:00+00:00,15.8,0.0,23.099998,10.24578,18.435053
461,2024-04-20 05:00:00+00:00,15.75,0.0,17.1,9.693296,21.801476
462,2024-04-20 06:00:00+00:00,16.0,0.0,3.6,8.534353,27.645891
463,2024-04-20 07:00:00+00:00,16.15,0.0,10.799999,6.6185193,22.380184
464,2024-04-20 08:00:00+00:00,16.35,0.0,14.4,5.1544156,12.094739
465,2024-04-20 09:00:00+00:00,16.55,0.0,0.9,8.4042845,9.865748
466,2024-04-20 10:00:00+00:00,16.5,0.0,1.2,12.9249525,12.875007
467,2024-04-20 11:00:00+00:00,16.5,0.0,5.7000003,14.372974,22.067963
468,2024-04-20 12:00:00+00:00,16.7,0.0,14.1,16.279802,35.09589
469,2024-04-20 13:00:00+00:00,16.9,0.0,39.0,15.408671,37.405437
470,2024-04-20 14:00:00+00:00,16.9,0.0,36.0,18.391737,49.76372
471,2024-04-20 15:00:00+00:00,16.75,0.0,89.4,23.507753,62.65021
472,2024-04-20 16:00:00+00:00,16.65,0.0,60.9,29.035288,70.44166
473,2024-04-20 17:00:00+00:00,16.55,0.0,7.8,25.161398,70.78723
474,2024-04-20 18:00:00+00:00,16.6,0.0,0.90000004,27.77838,71.09533
475,2024-04-20 19:00:00+00:00,16.7,0.0,0.0,28.202042,75.96373
476,2024-04-20 20:00:00+00:00,16.8,0.0,13.200001,28.71437,82.073166
477,2024-04-20 21:00:00+00:00,16.9,0.0,10.8,28.808998,91.43207
478,2024-04-20 22:00:00+00:00,16.65,0.0,10.200001,25.982424,93.97242
479,2024-04-20 23:00:00+00:00,16.45,0.0,20.7,26.400545,95.47728
480,2024-04-21 00:00:00+00:00,16.25,0.0,33.0,27.551172,96.75348
481,2024-04-21 01:00:00+00:00,16.55,0.0,9.6,27.153164,96.08843
482,2024-04-21 02:00:00+00:00,16.5,0.0,33.600002,28.112288,99.58287
483,2024-04-21 03:00:00+00:00,16.35,0.2,39.0,25.277023,107.402794
484,2024-04-21 04:00:00+00:00,16.3,0.0,42.300003,22.608458,99.16227
485,2024-04-21 05:00:00+00:00,16.4,0.0,25.800001,21.599998,90.0
486,2024-04-21 06:00:00+00:00,16.8,0.0,32.7,28.856194,93.57626
487,2024-04-21 07:00:00+00:00,17.4,0.0,32.7,27.009598,88.47251
488,2024-04-21 08:00:00+00:00,17.95,0.0,10.5,31.1686,83.367584
489,2024-04-21 09:00:00+00:00,18.2,0.0,3.9,36.152676,74.99503
490,2024-04-21 10:00:00+00:00,18.15,0.0,12.3,38.047756,69.507324
491,2024-04-21 11:00:00+00:00,18.1,0.0,17.1,40.244392,68.484055
492,2024-04-21 12:00:00+00:00,18.35,0.0,30.000002,40.908737,65.01361
493,2024-04-21 13:00:00+00:00,18.25,0.0,30.000002,41.862286,58.360268
494,2024-04-21 14:00:00+00:00,18.1,0.0,35.4,40.946735,57.567474
495,2024-04-21 15:00:00+00:00,18.1,0.0,30.000002,38.741417,56.75292
496,2024-04-21 16:00:00+00:00,18.1,0.0,28.2,36.145504,56.784733
497,2024-04-21 17:00:00+00:00,17.9,0.0,30.000002,33.56312,54.605125
498,2024-04-21 18:00:00+00:00,17.8,0.0,30.000002,31.826931,52.35232
499,2024-04-21 19:00:00+00:00,17.7,0.0,30.000002,30.7542,51.65439
500,2024-04-21 20:00:00+00:00,17.65,0.0,30.000002,28.732422,52.124958
501,2024-04-21 21:00:00+00:00,17.65,0.0,9.3,26.826641,49.899166
502,2024-04-21 22:00:00+00:00,17.55,0.0,0.0,23.051247,38.65983
503,2024-04-21 23:00:00+00:00,17.35,0.0,0.0,25.570139,35.256443
504,2024-04-22 00:00:00+00:00,17.35,0.0,0.0,28.732422,37.875053
505,2024-04-22 01:00:00+00:00,17.05,0.0,0.0,23.950148,42.563324
506,2024-04-22 02:00:00+00:00,17.05,0.0,0.9,24.122686,52.274952
507,2024-04-22 03:00:00+00:00,17.0,0.0,1.2,24.912935,52.633263
508,2024-04-22 04:00:00+00:00,17.05,0.0,32.4,19.513195,52.495785
509,2024-04-22 05:00:00+00:00,17.15,0.3,54.0,15.484185,54.46224
510,2024-04-22 06:00:00+00:00,17.25,0.2,60.9,16.831684,48.468323
511,2024-04-22 07:00:00+00:00,17.25,0.4,68.700005,15.856354,50.52757
512,2024-04-22 08:00:00+00:00,17.5,0.0,100.0,16.981165,57.99466
513,2024-04-22 09:00:00+00:00,17.55,0.1,70.5,30.472675,38.76555
514,2024-04-22 10:00:00+00:00,17.95,0.0,50.4,21.142147,47.070034
515,2024-04-22 11:00:00+00:00,17.9,0.0,39.3,24.485292,41.42357
516,2024-04-22 12:00:00+00:00,17.95,0.0,31.800003,24.195107,46.808723
517,2024-04-22 13:00:00+00:00,17.8,0.0,27.900002,23.584808,31.263678
518,2024-04-22 14:00:00+00:00,17.8,0.0,35.7,24.66197,33.6901
519,2024-04-22 15:00:00+00:00,17.8,0.0,39.600002,25.812277,50.09217
520,2024-04-22 16:00:00+00:00,17.6,0.0,40.5,22.148046,45.658466
521,2024-04-22 17:00:00+00:00,17.6,0.0,48.6,17.287498,31.372961
522,2024-04-22 18:00:00+00:00,17.15,0.0,39.9,21.734581,26.564985
523,2024-04-22 19:00:00+00:00,17.35,0.0,50.699997,22.702845,14.697369
524,2024-04-22 20:00:00+00:00,17.2,0.0,28.2,22.314194,17.850416
525,2024-04-22 21:00:00+00:00,17.35,0.0,51.0,22.26477,14.036275
526,2024-04-22 22:00:00+00:00,17.3,0.0,93.6,25.919998,360.0
527,2024-04-22 23:00:00+00:00,17.3,0.0,94.5,24.546085,4.2052836
528,2024-04-23 00:00:00+00:00,17.15,0.0,100.0,29.5551,357.20734
529,2024-04-23 01:00:00+00:00,17.2,0.0,91.5,30.903435,351.9644
530,2024-04-23 02:00:00+00:00,17.3,0.0,9.9,26.183659,341.56494
531,2024-04-23 03:00:00+00:00,16.85,0.0,7.2,24.798225,332.31903
532,2024-04-23 04:00:00+00:00,16.8,0.0,5.4,27.06472,331.38962
533,2024-04-23 05:00:00+00:00,16.75,0.0,8.700001,26.242987,333.08353
534,2024-04-23 06:00:00+00:00,16.9,0.0,4.8,26.886963,333.7781
535,2024-04-23 07:00:00+00:00,16.95,0.0,0.0,27.698954,332.1028
536,2024-04-23 08:00:00+00:00,16.95,0.0,3.6,26.260265,331.32693
537,2024-04-23 09:00:00+00:00,17.05,0.0,2.6999998,26.250393,334.84073
538,2024-04-23 10:00:00+00:00,17.15,0.0,0.0,28.82249,332.47485
539,2024-04-23 11:00:00+00:00,17.05,0.0,0.0,27.908709,329.79684
540,2024-04-23 12:00:00+00:00,17.15,0.0,0.0,27.475807,328.39255
541,2024-04-23 13:00:00+00:00,17.15,0.0,0.0,26.064596,327.40744
542,2024-04-23 14:00:00+00:00,17.1,0.0,0.0,23.4,329.48984
543,2024-04-23 15:00:00+00:00,16.95,0.0,0.0,22.73707,336.68225
544,2024-04-23 16:00:00+00:00,16.7,0.0,0.0,21.915693,345.73544
545,2024-04-23 17:00:00+00:00,16.5,0.0,5.3999996,18.374111,357.7543
546,2024-04-23 18:00:00+00:00,16.3,0.0,12.3,11.726277,17.87879
547,2024-04-23 19:00:00+00:00,16.2,0.0,16.2,8.4963045,53.61555
548,2024-04-23 20:00:00+00:00,15.85,0.0,10.200001,6.9899354,101.88863
549,2024-04-23 21:00:00+00:00,15.35,0.0,0.0,8.913181,136.63654
550,2024-04-23 22:00:00+00:00,14.8,0.0,3.3000002,10.1887,147.99466
551,2024-04-23 23:00:00+00:00,14.4,0.0,8.1,10.464797,153.43501
552,2024-04-24 00:00:00+00:00,14.1,0.0,0.0,11.592895,154.23073
553,2024-04-24 01:00:00+00:00,14.05,0.0,0.0,14.693999,149.03632
554,2024-04-24 02:00:00+00:00,14.1,0.0,0.0,16.075521,145.95403
555,2024-04-24 03:00:00+00:00,14.25,0.0,0.0,13.513193,131.76021
556,2024-04-24 04:00:00+00:00,14.2,0.0,0.0,13.896187,126.57312
557,2024-04-24 05:00:00+00:00,14.1,0.0,0.0,15.778516,124.77791
558,2024-04-24 06:00:00+00:00,15.25,0.0,0.0,14.77755,124.07724
559,2024-04-24 07:00:00+00:00,17.5,0.0,0.0,13.755579,137.12111
560,2024-04-24 08:00:00+00:00,19.2,0.0,0.0,10.483357,164.05453
561,2024-04-24 09:00:00+00:00,21.55,0.0,0.0,5.634891,206.56499
562,2024-04-24 10:00:00+00:00,24.05,0.0,14.700001,3.0758414,290.55612
563,2024-04-24 11:00:00+00:00,20.9,0.0,6.0,8.209263,15.255177
564,2024-04-24 12:00:00+00:00,20.25,0.0,37.5,12.979984,33.6901
565,2024-04-24 13:00:00+00:00,20.0,0.0,61.800003,19.373219,48.01287
566,2024-04-24 14:00:00+00:00,19.6,0.0,87.0,8.654986,343.0724
567,2024-04-24 15:00:00+00:00,19.45,0.0,53.100002,37.33601,320.4774
568,2024-04-24 16:00:00+00:00,17.1,0.0,84.3,47.500904,332.46402
569,2024-04-24 17:00:00+00:00,15.5,0.0,17.7,51.876236,344.70996
570,2024-04-24 18:00:00+00:00,15.3,0.0,12.299999,34.875435,352.2882
571,2024-04-24 19:00:00+00:00,15.5,0.0,12.0,27.908709,353.33344
572,2024-04-24 20:00:00+00:00,15.25,0.0,1.8000001,25.420181,347.73523
573,2024-04-24 21:00:00+00:00,15.1,0.0,0.0,25.153671,350.94217
574,2024-04-24 22:00:00+00:00,14.8,0.0,0.9,22.065973,354.3825
575,2024-04-24 23:00:00+00:00,15.05,0.0,24.3,22.91026,351.87
576,2024-04-25 00:00:00+00:00,15.15,0.0,13.5,20.617662,347.90527
577,2024-04-25 01:00:00+00:00,15.65,0.0,16.199999,21.175835,342.18103
578,2024-04-25 02:00:00+00:00,15.55,0.0,18.0,20.870687,345.00485
579,2024-04-25 03:00:00+00:00,15.55,0.0,17.1,17.58481,337.1094
580,2024-04-25 04:00:00+00:00,15.45,0.0,18.9,14.480773,325.1246
581,2024-04-25 05:00:00+00:00,15.7,0.0,16.199999,13.044722,320.59937
582,2024-04-25 06:00:00+00:00,16.35,0.0,18.9,14.77755,325.92276
583,2024-04-25 07:00:00+00:00,16.45,0.0,17.099998,13.891522,328.78165
584,2024-04-25 08:00:00+00:00,16.3,0.0,7.8,11.183201,326.82147
585,2024-04-25 09:00:00+00:00,16.45,0.0,9.900001,11.212135,317.6026
586,2024-04-25 10:00:00+00:00,16.5,0.0,18.900002,13.513193,311.7602
587,2024-04-25 11:00:00+00:00,16.55,0.0,28.500002,13.746156,315.0001
588,2024-04-25 12:00:00+00:00,16.7,0.0,3.9,15.496736,329.2646
589,2024-04-25 13:00:00+00:00,16.85,0.0,7.2000003,19.130875,340.20102
590,2024-04-25 14:00:00+00:00,16.75,0.0,21.300001,21.046917,347.15228
591,2024-04-25 15:00:00+00:00,16.7,0.0,4.8,18.228943,350.9098
592,2024-04-25 16:00:00+00:00,16.7,0.0,0.0,15.137133,2.7262611
593,2024-04-25 17:00:00+00:00,16.3,0.0,0.0,14.986553,24.102238
594,2024-04-25 18:00:00+00:00,16.35,0.0,0.90000004,12.475961,43.83095
595,2024-04-25 19:00:00+00:00,16.3,0.0,0.6,13.363711,62.744755
596,2024-04-25 20:00:00+00:00,15.9,0.0,11.1,14.4,90.0
597,2024-04-25 21:00:00+00:00,15.65,0.0,18.900002,14.003029,107.96923
598,2024-04-25 22:00:00+00:00,15.2,0.0,5.1000004,13.854155,114.56716
599,2024-04-25 23:00:00+00:00,15.0,0.0,3.0,18.709612,120.01828
600,2024-04-26 00:00:00+00:00,14.75,0.0,5.1000004,20.00512,120.256355
601,2024-04-26 01:00:00+00:00,14.9,0.0,14.400001,17.477621,122.38066
602,2024-04-26 02:00:00+00:00,14.9,0.0,30.000002,18.678415,117.552734
603,2024-04-26 03:00:00+00:00,14.85,0.0,7.8,18.678415,117.552734
604,2024-04-26 04:00:00+00:00,14.6,0.0,29.1,19.161337,115.60214
605,2024-04-26 05:00:00+00:00,14.65,0.0,32.4,17.727943,119.16752
606,2024-04-26 06:00:00+00:00,15.5,0.0,15.6,19.694992,120.78408
607,2024-04-26 07:00:00+00:00,17.2,0.0,5.1000004,17.388409,117.095474
608,2024-04-26 08:00:00+00:00,19.4,0.0,15.900001,20.390114,132.13753
609,2024-04-26 09:00:00+00:00,21.5,0.0,29.7,24.066206,145.359
610,2024-04-26 10:00:00+00:00,22.1,0.0,83.4,19.8,143.13002
611,2024-04-26 11:00:00+00:00,22.2,0.0,86.4,15.530151,134.0609
612,2024-04-26 12:00:00+00:00,22.05,0.0,82.8,9.605998,102.99462
613,2024-04-26 13:00:00+00:00,21.5,0.0,87.00001,22.702845,75.302635
614,2024-04-26 14:00:00+00:00,19.9,0.0,81.9,31.912327,78.94363
615,2024-04-26 15:00:00+00:00,19.75,0.0,51.0,29.888672,91.380325
616,2024-04-26 16:00:00+00:00,19.8,0.4,56.1,28.808998,88.56794
617,2024-04-26 17:00:00+00:00,19.2,0.3,44.4,23.623243,82.11695
618,2024-04-26 18:00:00+00:00,18.25,0.2,57.300003,27.504095,75.599945
619,2024-04-26 19:00:00+00:00,17.6,0.7,73.200005,31.999523,107.00803
620,2024-04-26 20:00:00+00:00,17.55,0.0,35.7,26.693459,100.09744
621,2024-04-26 21:00:00+00:00,17.65,0.0,13.5,23.936617,102.15492
622,2024-04-26 22:00:00+00:00,17.8,0.0,7.2000003,21.602999,90.95482
623,2024-04-26 23:00:00+00:00,17.8,0.0,4.2000003,28.820242,87.85246
624,2024-04-27 00:00:00+00:00,17.7,0.0,7.8,32.169178,95.13629
625,2024-04-27 01:00:00+00:00,18.1,0.0,0.6,30.855171,82.62633
626,2024-04-27 02:00:00+00:00,18.0,0.0,3.6000001,32.846916,80.53775
627,2024-04-27 03:00:00+00:00,17.85,0.0,0.0,30.619051,87.97868
628,2024-04-27 04:00:00+00:00,17.85,0.0,0.0,28.808998,91.43207
629,2024-04-27 05:00:00+00:00,17.95,0.0,0.0,28.227306,95.85592
630,2024-04-27 06:00:00+00:00,18.3,0.0,0.0,27.238941,97.59455
631,2024-04-27 07:00:00+00:00,18.75,0.0,0.0,29.522196,89.30132
632,2024-04-27 08:00:00+00:00,19.2,0.0,0.0,34.524353,78.57293
633,2024-04-27 09:00:00+00:00,19.15,0.0,0.0,38.03413,72.937065
634,2024-04-27 10:00:00+00:00,19.2,0.0,0.0,42.9729,74.450134
635,2024-04-27 11:00:00+00:00,19.7,0.0,0.0,45.061874,77.074
636,2024-04-27 12:00:00+00:00,19.85,0.0,0.0,44.71107,76.9708
637,2024-04-27 13:00:00+00:00,19.55,0.0,0.0,41.448494,72.82401
638,2024-04-27 14:00:00+00:00,19.6,0.0,0.0,41.798775,69.84817
639,2024-04-27 15:00:00+00:00,19.15,0.0,0.0,42.2613,69.55812
640,2024-04-27 16:00:00+00:00,19.05,0.0,0.0,40.417915,72.371895
641,2024-04-27 17:00:00+00:00,18.95,0.0,0.0,39.86096,73.201546
642,2024-04-27 18:00:00+00:00,18.7,0.0,0.0,36.7588,75.82764
643,2024-04-27 19:00:00+00:00,18.7,0.0,0.0,37.10795,75.96373
644,2024-04-27 20:00:00+00:00,18.6,0.0,0.0,37.1969,75.42574
645,2024-04-27 21:00:00+00:00,18.4,0.0,0.0,35.757988,73.02442
646,2024-04-27 22:00:00+00:00,18.35,0.0,0.0,34.32105,74.79754
647,2024-04-27 23:00:00+00:00,18.25,0.0,0.0,34.17157,78.45335
648,2024-04-28 00:00:00+00:00,18.25,0.0,0.0,31.421213,71.98014
649,2024-04-28 01:00:00+00:00,18.1,0.0,0.0,25.96496,73.07241
650,2024-04-28 02:00:00+00:00,18.0,0.0,0.0,24.280659,74.52131
651,2024-04-28 03:00:00+00:00,17.9,0.0,4.5,17.731598,84.17376
652,2024-04-28 04:00:00+00:00,17.6,0.0,2.7,11.013882,101.3099
653,2024-04-28 05:00:00+00:00,17.2,0.0,0.90000004,4.8965297,126.027466
654,2024-04-28 06:00:00+00:00,17.4,0.0,29.1,1.8,233.13002
655,2024-04-28 07:00:00+00:00,17.95,0.0,28.2,3.2399998,270.0
656,2024-04-28 08:00:00+00:00,18.4,0.0,21.300001,6.489992,303.6901
657,2024-04-28 09:00:00+00:00,18.55,0.0,30.000002,11.720751,312.5104
658,2024-04-28 10:00:00+00:00,18.35,0.0,30.000002,14.336861,308.8845
659,2024-04-28 11:00:00+00:00,18.45,0.0,30.000002,15.03835,312.08908
660,2024-04-28 12:00:00+00:00,18.55,0.0,30.000002,15.856354,320.52756
661,2024-04-28 13:00:00+00:00,18.15,0.0,30.000002,13.237038,315.0001
662,2024-04-28 14:00:00+00:00,18.05,0.0,30.000002,12.496718,318.50363
663,2024-04-28 15:00:00+00:00,18.1,0.0,30.000002,8.404285,313.26434
664,2024-04-28 16:00:00+00:00,18.0,0.0,30.000002,8.714677,321.70978
665,2024-04-28 17:00:00+00:00,17.9,0.0,79.8,8.373386,334.53668
666,2024-04-28 18:00:00+00:00,17.7,0.0,79.200005,6.489992,3.179772
667,2024-04-28 19:00:00+00:00,17.6,0.0,46.800003,5.8048253,29.744795
668,2024-04-28 20:00:00+00:00,17.45,0.0,30.000002,3.8268526,41.185837
669,2024-04-28 21:00:00+00:00,17.3,0.0,29.400002,4.3349743,85.23644
670,2024-04-28 22:00:00+00:00,17.1,0.0,28.800001,3.563818,135.0001
671,2024-04-28 23:00:00+00:00,16.95,0.0,30.000002,2.3051248,308.65982
672,2024-04-29 00:00:00+00:00,17.1,0.0,15.3,7.928178,272.6025
673,2024-04-29 01:00:00+00:00,17.25,0.0,27.6,13.684735,268.49258
674,2024-04-29 02:00:00+00:00,17.2,0.0,30.000002,9.3669195,267.79745
675,2024-04-29 03:00:00+00:00,17.15,0.0,29.7,5.1544156,282.09473
676,2024-04-29 04:00:00+00:00,16.95,0.0,30.900002,6.989936,235.49141
677,2024-04-29 05:00:00+00:00,17.1,0.0,32.100002,7.69592,259.21576
678,2024-04-29 06:00:00+00:00,17.35,0.0,25.5,4.0249224,280.30478
679,2024-04-29 07:00:00+00:00,17.6,0.0,9.900001,3.5455887,246.0375
680,2024-04-29 08:00:00+00:00,18.8,0.0,27.6,1.5273507,315.0001
681,2024-04-29 09:00:00+00:00,18.55,0.0,26.400002,8.0899935,302.27563
682,2024-04-29 10:00:00+00:00,18.75,0.0,22.5,13.281023,327.17145
683,2024-04-29 11:00:00+00:00,18.7,0.0,30.000002,16.203999,358.727
684,2024-04-29 12:00:00+00:00,18.85,0.0,30.000002,17.25373,23.355589
685,2024-04-29 13:00:00+00:00,18.8,0.0,30.000002,15.484185,35.537766
686,2024-04-29 14:00:00+00:00,18.95,0.0,27.900002,17.31746,46.684647
687,2024-04-29 15:00:00+00:00,18.8,0.0,30.000002,16.92383,51.911175
688,2024-04-29 16:00:00+00:00,18.7,0.0,25.800001,18.388212,66.94868
689,2024-04-29 17:00:00+00:00,18.7,0.0,30.000002,15.905319,84.805664
690,2024-04-29 18:00:00+00:00,18.45,0.0,30.000002,14.264361,79.824554
691,2024-04-29 19:00:00+00:00,18.25,0.0,37.800003,15.273505,81.86999
692,2024-04-29 20:00:00+00:00,18.15,0.0,48.9,15.856356,87.3975
693,2024-04-29 21:00:00+00:00,18.2,0.0,87.600006,15.84409,88.69808
694,2024-04-29 22:00:00+00:00,18.3,0.0,71.4,13.004921,85.23644
695,2024-04-29 23:00:00+00:00,18.35,0.0,84.0,13.556282,100.71308
696,2024-04-30 00:00:00+00:00,18.3,0.0,90.00001,12.620554,86.729576
697,2024-04-30 01:00:00+00:00,18.2,0.0,61.800003,18.35647,78.6901
698,2024-04-30 02:00:00+00:00,18.15,0.0,68.700005,10.948973,133.66785
699,2024-04-30 03:00:00+00:00,17.95,0.0,76.200005,9.0,73.73973
700,2024-04-30 04:00:00+00:00,18.0,0.0,39.300003,16.78156,112.714455
701,2024-04-30 05:00:00+00:00,18.15,0.0,40.800003,11.525623,128.65984
702,2024-04-30 06:00:00+00:00,19.05,0.0,32.100002,15.463246,155.22488
703,2024-04-30 07:00:00+00:00,20.55,0.0,43.800003,12.144331,168.0239
704,2024-04-30 08:00:00+00:00,23.05,0.0,46.800003,9.114471,170.9098
705,2024-04-30 09:00:00+00:00,26.5,0.0,77.4,5.937272,14.036275
706,2024-04-30 10:00:00+00:00,21.2,0.0,46.5,13.755579,47.12111
707,2024-04-30 11:00:00+00:00,20.85,0.0,83.4,19.523155,5.29
708,2024-04-30 12:00:00+00:00,20.35,0.0,87.00001,28.04305,330.8026
709,2024-04-30 13:00:00+00:00,19.8,0.4,90.00001,19.008545,307.30402
710,2024-04-30 14:00:00+00:00,19.05,0.9,73.200005,10.00256,300.25635
711,2024-04-30 15:00:00+00:00,18.85,1.2,79.8,8.557102,67.75093
712,2024-04-30 16:00:00+00:00,19.05,3.0,64.8,9.339208,117.552734
713,2024-04-30 17:00:00+00:00,20.1,0.6,42.300003,24.248611,130.78574
714,2024-04-30 18:00:00+00:00,20.05,0.0,46.200005,26.932714,127.94221
715,2024-04-30 19:00:00+00:00,20.1,0.0,46.800003,23.199759,138.14505
716,2024-04-30 20:00:00+00:00,20.1,0.0,54.0,23.532547,150.6901
717,2024-04-30 21:00:00+00:00,19.65,0.0,55.800003,21.767351,145.78424
718,2024-04-30 22:00:00+00:00,19.2,0.0,73.200005,11.923557,151.11351
719,2024-04-30 23:00:00+00:00,19.45,0.0,51.0,14.003028,136.04153
